<?xml version="1.0" encoding="UTF-8"?>
<!DOCTYPE service-builder PUBLIC "-//Liferay//DTD Service Builder 6.2.0//EN" "http://www.liferay.com/dtd/liferay-service-builder_6_2_0.dtd">
<service-builder package-path="com.lithan.liferay">
	<author>Rohit</author>
	<namespace>AAA</namespace>

	<entity name="Customer" local-service="true" uuid="true">
        <column name="customerId" primary="true" type="long"></column>
        <column name="companyId" type="long"></column>
        <column name="groupId" type="long"></column>
        <column name="userId" type="long"></column>
        <column name="createDate" type="Date"></column>
        <column name="modifiedDate" type="Date"></column>
        <column name="name" type="String"></column>
        <column name="description" type="String"></column>
        <column name="email" type="String"></column>
        <column name="phone" type="int"></column>
        <column name="start_date" type="Date"></column>
        <column name="serviceId" type="long"></column>
        <order>
            <order-column name="start_date" order-by="asc"></order-column>
        </order>
        <finder name="GroupId" return-type="Collection">
            <finder-column name="groupId"></finder-column>
        </finder>
    </entity>
    <entity name="Services" local-service="true" uuid="true">
        <column name="serviceId" type="long" primary="true"></column>
        <column name="companyId" type="long"></column>
        <column name="groupId" type="long"></column>
        <column name="userId" type="long"></column>
        <column name="createDate" type="Date"></column>
        <column name="modifiedDate" type="Date"></column>
        <column name="name" type="String"></column>
        <column name="description" type="String"></column>
        <column name="price" type="double"></column>
        <order>
            <order-column name="name" order-by="asc"></order-column>
        </order>
        <finder name="GroupId" return-type="Collection">
            <finder-column name="groupId"></finder-column>
        </finder>
    </entity>
	
</service-builder>