<?xml version="1.0"?>

<model-hints>
	<model name="com.lithan.liferay.model.Customer">
		<field name="uuid" type="String" />
		<field name="customerId" type="long" />
		<field name="companyId" type="long" />
		<field name="groupId" type="long" />
		<field name="userId" type="long" />
		<field name="createDate" type="Date" />
		<field name="modifiedDate" type="Date" />
		<field name="name" type="String" />
		<field name="description" type="String" />
		<field name="email" type="String" />
		<field name="phone" type="int" />
		<field name="start_date" type="Date" />
		<field name="serviceId" type="long" />
	</model>
	<model name="com.lithan.liferay.model.Services">
		<field name="uuid" type="String" />
		<field name="serviceId" type="long" />
		<field name="companyId" type="long" />
		<field name="groupId" type="long" />
		<field name="userId" type="long" />
		<field name="createDate" type="Date" />
		<field name="modifiedDate" type="Date" />
		<field name="name" type="String" />
		<field name="description" type="String" />
		<field name="price" type="double" />
	</model>
</model-hints>